allenkitch_fn.bmp,1
amandacellar_fn.bmp,2
andrealibrary_fn.bmp,3
andrewlvrm_fn.bmp,4
Annlvrm_fn.bmp,5
babynursery_fn.bmp,6
bobnursery_fn.bmp,7
brianoffice_fn.bmp,8
christykitch_fn.bmp,9
daisybathrm_fn.bmp,10
dannynursery_fn.bmp,11
dorm room_fn.bmp,12
eddiekitch_fn.bmp,13
effiekitchen_fn.bmp,14
ellaoffice_fn.bmp,15
garylvrm_fn.bmp,16
hannakitchen_fn.bmp,17
ileneyard_fn.bmp,18
jackoffice_fn.bmp,19
janelvrm_fn.bmp,20
jeffbath_fn.bmp,21
jennaoffice_fn.bmp,22
jeremydining_fn.bmp,23
joeoffice_fn.bmp,24
kitchen2_fn.bmp,25
kitchen3_fn.bmp,26
kitchen4_fn.bmp,27
kitchen6_fn.bmp,28
kitchen9_fn.bmp,29
kitchengreen_fn.bmp,30
kitchenpink_fn.bmp,31
kristinyard_fn.bmp,32
kylerec_fn.bmp,33
lisaoff_fn.bmp,34
loganoffice_fn.bmp,35
marissameetingrm_fn.bmp,36
marylivingrm_fn.bmp,37
mikeoffice_fn.bmp,38
monicakitch_fn.bmp,39
olivialvrm_fn.bmp,40
playground yard_fn.bmp,41
robertlvrm_fn.bmp,42
ruthbath_fn.bmp,43
sandygarage_fn.bmp,44
susanoffice_fn.bmp,45
victoriakitch_fn.bmp,46
wendyoffice_fn.bmp,47
zachlvrm_fn.bmp,48
